date,signal_time,exit_time,direction,cycle,entry_price,sl_price,tp_price,exit_price,sl_pips,lots,risk_usd,result,pnl_usd,capital_after,trade_num_day,confirmations,excellence
2024-01-02,2024-01-02 12:41:00+00:00,2024-01-02T12:57:00.000000,long,Knockout,1.0963,1.0956,1.0984,1.0956,7.0,0.14,10.0,loss,-10.0,990.0,1,divergence|quarters|magnets,True
2024-01-03,2024-01-03 13:05:00+00:00,2024-01-03T13:23:00.000000,long,Normal,1.09183,1.09125,1.09357,1.09125,5.8,0.17,9.9,loss,-9.9,980.1,1,divergence|quarters|magnets,False
2024-01-05,2024-01-05 12:00:00+00:00,2024-01-05T12:01:00.000000,long,Sierra,1.09154,1.09333,1.09558,1.09333,17.9,0.05,9.8,loss,-9.8,970.3,1,sierra_sweep,False
2024-01-08,2024-01-08 13:42:00+00:00,2024-01-08T14:14:00.000000,short,Normal,1.09532,1.09581,1.09385,1.09581,4.9,0.2,9.7,loss,-9.7,960.6,1,quarters|magnets,False
2024-01-11,2024-01-11 13:29:00+00:00,2024-01-11T13:30:00.000000,short,Normal,1.09869,1.09928,1.09692,1.09928,5.9,0.16,9.61,loss,-9.61,950.99,1,divergence|quarters|magnets,True
2024-01-12,2024-01-12 12:25:00+00:00,2024-01-12T12:53:00.000000,long,Knockout,1.09494,1.09394,1.09794,1.09394,10.0,0.1,9.51,loss,-9.51,941.48,1,divergence|quarters,False
2024-01-16,2024-01-16 14:03:00+00:00,2024-01-16T14:50:00.000000,long,Knockout,1.08751,1.08692,1.08928,1.08692,5.9,0.16,9.41,loss,-9.41,932.07,1,divergence|quarters|magnets,True
2024-01-17,2024-01-17 13:53:00+00:00,2024-01-17T14:47:00.000000,long,Knockout,1.08643,1.08529,1.08985,1.08529,11.4,0.08,9.32,loss,-9.32,922.74,1,quarters|magnets,False
2024-01-18,2024-01-18 12:54:00+00:00,2024-01-18T13:13:00.000000,long,Normal,1.08789,1.08729,1.08969,1.08729,6.0,0.15,9.23,loss,-9.23,913.52,1,divergence|quarters|magnets,False
2024-01-19,2024-01-19 12:51:00+00:00,2024-01-19T13:42:00.000000,long,Normal,1.08824,1.0878,1.08956,1.0878,4.4,0.21,9.14,loss,-9.14,904.38,1,divergence|magnets,False
2024-01-22,2024-01-22 12:44:00+00:00,2024-01-22T12:49:00.000000,long,Knockout,1.08976,1.08906,1.09186,1.08906,7.0,0.13,9.04,loss,-9.04,895.34,1,divergence|quarters,False
2024-01-23,2024-01-23 14:59:00+00:00,2024-01-23T15:11:00.000000,long,Normal,1.08526,1.08464,1.08712,1.08464,6.2,0.14,8.95,loss,-8.95,886.38,1,divergence|quarters|magnets,False
2024-01-24,2024-01-24 12:48:00+00:00,2024-01-24T13:03:00.000000,short,Knockout,1.08952,1.09011,1.08775,1.09011,5.9,0.15,8.86,loss,-8.86,877.52,1,divergence|magnets,False
2024-01-25,2024-01-25 12:46:00+00:00,2024-01-25T13:15:00.000000,short,Normal,1.08901,1.08969,1.08697,1.08969,6.8,0.13,8.78,loss,-8.78,868.75,1,divergence|magnets,False
2024-01-26,2024-01-26 12:49:00+00:00,2024-01-26T13:20:00.000000,short,Normal,1.087,1.08759,1.08523,1.08759,5.9,0.15,8.69,loss,-8.69,860.06,1,divergence|quarters|magnets,True
2024-01-29,2024-01-29 13:24:00+00:00,2024-01-29T14:14:00.000000,long,Normal,1.08185,1.08118,1.08386,1.08118,6.7,0.13,8.6,loss,-8.6,851.46,1,quarters|magnets,False
2024-01-30,2024-01-30 12:31:00+00:00,2024-01-30T12:55:00.000000,short,Normal,1.08406,1.08463,1.08235,1.08463,5.7,0.15,8.51,loss,-8.51,842.94,1,divergence|quarters|magnets,True
2024-01-31,2024-01-31 12:06:00+00:00,2024-01-31T13:15:00.000000,short,Normal,1.08372,1.08449,1.08141,1.08449,7.7,0.11,8.43,loss,-8.43,834.51,1,quarters|magnets,False
2024-02-01,2024-02-01 12:20:00+00:00,2024-02-01T12:46:00.000000,short,Normal,1.08122,1.0819,1.07918,1.0819,6.8,0.12,8.35,loss,-8.35,826.17,1,quarters|magnets,False
2024-02-02,2024-02-02 13:18:00+00:00,2024-02-02T13:30:00.000000,short,Normal,1.08826,1.0888,1.08664,1.08664,5.4,0.15,8.26,win,24.79,850.95,1,divergence|magnets,False
2024-02-02,2024-02-02 13:53:00+00:00,2024-02-02T13:56:00.000000,long,Normal,1.08126,1.08068,1.083,1.08068,5.8,0.15,8.51,loss,-8.51,842.44,2,quarters|magnets,False
2024-02-05,2024-02-05 12:49:00+00:00,2024-02-05T13:01:00.000000,long,Normal,1.07536,1.07481,1.07701,1.07481,5.5,0.15,8.42,loss,-8.42,834.02,1,quarters|magnets,False
2024-02-06,2024-02-06 12:39:00+00:00,2024-02-06T17:55:00.000000,long,Normal,1.07289,1.07205,1.07541,1.07541,8.4,0.1,8.34,win,25.02,859.04,1,divergence|quarters,False
2024-02-06,2024-02-06 12:41:00+00:00,,long,Normal,1.07312,1.07205,1.07633,1.07205,10.7,0.08,8.59,loss,-8.59,850.45,2,divergence|quarters,False
2024-02-07,2024-02-07 13:37:00+00:00,,short,Knockout,1.07781,1.07858,1.0755,1.07858,7.7,0.11,8.5,loss,-8.5,841.95,1,divergence|quarters|magnets,True
2024-02-09,2024-02-09 12:46:00+00:00,2024-02-09T13:31:00.000000,long,Normal,1.07667,1.0761,1.07838,1.07838,5.7,0.15,8.42,win,25.26,867.2,1,divergence|magnets,False
2024-02-09,2024-02-09 14:20:00+00:00,,short,Normal,1.07865,1.07971,1.07547,1.07971,10.6,0.08,8.67,loss,-8.67,858.53,2,quarters|magnets,False
2024-02-12,2024-02-12 13:56:00+00:00,2024-02-12T15:17:00.000000,long,Normal,1.07644,1.0759,1.07806,1.0759,5.4,0.16,8.59,loss,-8.59,849.95,1,divergence|quarters|magnets,True
2024-02-13,2024-02-13 12:16:00+00:00,2024-02-13T12:40:00.000000,short,Normal,1.07789,1.07847,1.07615,1.07847,5.8,0.15,8.5,loss,-8.5,841.45,1,divergence|quarters,False
2024-02-14,2024-02-14 14:50:00+00:00,2024-02-14T15:32:00.000000,short,Normal,1.07183,1.07249,1.06985,1.07249,6.6,0.13,8.41,loss,-8.41,833.03,1,divergence|quarters|magnets,False
2024-02-15,2024-02-15 13:25:00+00:00,2024-02-15T13:30:00.000000,short,Knockout,1.07455,1.07525,1.07245,1.07525,7.0,0.12,8.33,loss,-8.33,824.7,1,divergence|quarters|magnets,True
2024-02-16,2024-02-16 13:45:00+00:00,2024-02-16T18:47:00.000000,long,Normal,1.07433,1.07299,1.07835,1.07835,13.4,0.06,8.25,win,24.74,849.44,1,divergence|magnets,False
2024-02-16,2024-02-16 14:25:00+00:00,2024-02-16T15:19:00.000000,long,Normal,1.07471,1.07389,1.07717,1.07717,8.2,0.1,8.49,win,25.48,874.93,2,divergence|magnets,False
2024-02-20,2024-02-20 14:02:00+00:00,2024-02-20T14:20:00.000000,short,Knockout,1.08194,1.08269,1.07969,1.08269,7.5,0.12,8.75,loss,-8.75,866.18,1,divergence|quarters|magnets,False
2024-02-21,2024-02-21 12:07:00+00:00,2024-02-21T12:08:00.000000,long,Sierra,1.07983,1.08025,1.08191,1.08025,4.2,0.21,8.66,loss,-8.66,857.52,1,sierra_sweep,False
2024-02-22,2024-02-22 12:05:00+00:00,2024-02-22T13:17:00.000000,short,Normal,1.08558,1.08606,1.08414,1.08414,4.8,0.18,8.58,win,25.73,883.24,1,divergence|magnets,False
2024-02-22,2024-02-22 14:19:00+00:00,2024-02-22T14:25:00.000000,long,Normal,1.08165,1.08104,1.08348,1.08104,6.1,0.14,8.83,loss,-8.83,874.41,2,quarters|magnets,False
2024-02-23,2024-02-23 12:43:00+00:00,2024-02-23T15:03:00.000000,short,Knockout,1.08368,1.08415,1.08227,1.08227,4.7,0.19,8.74,win,26.23,900.64,1,divergence|quarters|magnets,True
2024-02-23,2024-02-23 12:47:00+00:00,2024-02-23T15:05:00.000000,short,Knockout,1.08363,1.08415,1.08207,1.08207,5.2,0.17,9.01,win,27.02,927.66,2,divergence|quarters,False
2024-02-26,2024-02-26 12:53:00+00:00,,short,Knockout,1.08548,1.08617,1.08341,1.08617,6.9,0.13,9.28,loss,-9.28,918.38,1,divergence|quarters|magnets,False
2024-02-27,2024-02-27 13:49:00+00:00,2024-02-27T14:14:00.000000,long,Normal,1.08509,1.08429,1.08749,1.08429,8.0,0.11,9.18,loss,-9.18,909.2,1,divergence|magnets,False
2024-02-29,2024-02-29 14:42:00+00:00,2024-02-29T15:44:00.000000,long,Normal,1.08449,1.08348,1.08752,1.08348,10.1,0.09,9.09,loss,-9.09,900.11,1,divergence|quarters,False
2024-03-01,2024-03-01 13:36:00+00:00,2024-03-01T14:15:00.000000,short,Normal,1.08103,1.08162,1.07926,1.08162,5.9,0.15,9.0,loss,-9.0,891.11,1,divergence|quarters,False
2024-03-05,2024-03-05 14:47:00+00:00,2024-03-05T15:00:00.000000,long,Knockout,1.08462,1.08383,1.08699,1.08699,7.9,0.11,8.91,win,26.73,917.84,1,divergence|quarters,False
2024-03-05,2024-03-05 14:53:00+00:00,2024-03-05T15:00:00.000000,long,Knockout,1.08458,1.08383,1.08683,1.08683,7.5,0.12,9.18,win,27.54,945.37,2,divergence|quarters|magnets,False
2024-03-06,2024-03-06 13:45:00+00:00,2024-03-06T13:59:00.000000,short,Knockout,1.08774,1.08846,1.08558,1.08846,7.2,0.13,9.45,loss,-9.45,935.92,1,divergence|quarters|magnets,True
2024-03-07,2024-03-07 13:42:00+00:00,2024-03-07T13:54:00.000000,long,Normal,1.08798,1.087,1.09092,1.087,9.8,0.1,9.36,loss,-9.36,926.56,1,divergence|quarters|magnets,True
2024-03-08,2024-03-08 14:56:00+00:00,,short,Normal,1.09555,1.0965,1.0927,1.0965,9.5,0.1,9.27,loss,-9.27,917.3,1,divergence|magnets,False
2024-03-11,2024-03-11 13:03:00+00:00,2024-03-11T13:12:00.000000,long,Normal,1.09191,1.09157,1.09293,1.09157,3.4,0.27,9.17,loss,-9.17,908.12,1,divergence|quarters|magnets,False
2024-03-12,2024-03-12 13:47:00+00:00,2024-03-12T14:28:00.000000,long,Normal,1.09125,1.09074,1.09278,1.09074,5.1,0.18,9.08,loss,-9.08,899.04,1,divergence|magnets,False
2024-03-13,2024-03-13 12:10:00+00:00,2024-03-13T13:41:00.000000,short,Normal,1.09373,1.09429,1.09205,1.09429,5.6,0.16,8.99,loss,-8.99,890.05,1,quarters|magnets,False
2024-03-14,2024-03-14 12:14:00+00:00,2024-03-14T12:28:00.000000,long,Knockout,1.09275,1.09219,1.09443,1.09219,5.6,0.16,8.9,loss,-8.9,881.15,1,divergence|quarters|magnets,True
2024-03-15,2024-03-15 13:22:00+00:00,,short,Knockout,1.08916,1.08963,1.08775,1.08963,4.7,0.19,8.81,loss,-8.81,872.34,1,divergence|magnets,False
2024-03-21,2024-03-21 13:15:00+00:00,2024-03-21T13:26:00.000000,long,Knockout,1.08814,1.08729,1.09069,1.08729,8.5,0.1,8.72,loss,-8.72,863.62,1,quarters|magnets,False
2024-03-22,2024-03-22 12:17:00+00:00,2024-03-22T13:26:00.000000,long,Knockout,1.08242,1.08182,1.08422,1.08182,6.0,0.14,8.64,loss,-8.64,854.98,1,divergence|magnets,False
2024-03-26,2024-03-26 13:06:00+00:00,2024-03-26T13:33:00.000000,short,Normal,1.08521,1.08568,1.0838,1.0838,4.7,0.18,8.55,win,25.65,880.63,1,divergence|magnets,False
2024-03-26,2024-03-26 13:37:00+00:00,2024-03-26T14:35:00.000000,long,Normal,1.08424,1.08359,1.08619,1.08359,6.5,0.14,8.81,loss,-8.81,871.82,2,divergence|quarters,False
2024-03-27,2024-03-27 12:45:00+00:00,2024-03-27T23:11:00.000000,long,Normal,1.08149,1.08088,1.08332,1.08088,6.1,0.14,8.72,loss,-8.72,863.1,1,quarters|magnets,False
2024-03-29,2024-03-29 12:28:00+00:00,,short,Normal,1.07986,1.08053,1.07785,1.08053,6.7,0.13,8.63,loss,-8.63,854.47,1,quarters|magnets,False
2024-04-01,2024-04-01 14:15:00+00:00,2024-04-01T14:30:00.000000,long,Knockout,1.07511,1.07428,1.0776,1.07428,8.3,0.1,8.54,loss,-8.54,845.93,1,quarters|magnets,False
2024-04-02,2024-04-02 12:07:00+00:00,2024-04-02T13:20:00.000000,short,Normal,1.07496,1.07581,1.07241,1.07581,8.5,0.1,8.46,loss,-8.46,837.47,1,divergence|quarters|magnets,False
2024-04-04,2024-04-04 13:21:00+00:00,2024-04-04T13:43:00.000000,short,Knockout,1.08693,1.08748,1.08528,1.08748,5.5,0.15,8.37,loss,-8.37,829.1,1,quarters|magnets,False
2024-04-08,2024-04-08 13:12:00+00:00,2024-04-08T13:33:00.000000,short,Normal,1.08375,1.08428,1.08216,1.08428,5.3,0.16,8.29,loss,-8.29,820.8,1,divergence|quarters|magnets,False
2024-04-09,2024-04-09 12:14:00+00:00,2024-04-09T12:32:00.000000,short,Normal,1.08677,1.08706,1.0859,1.08706,2.9,0.28,8.21,loss,-8.21,812.6,1,quarters|magnets,False
2024-04-10,2024-04-10 13:21:00+00:00,2024-04-10T13:42:00.000000,long,Normal,1.07714,1.07609,1.08029,1.07609,10.5,0.08,8.13,loss,-8.13,804.47,1,divergence|magnets,False
2024-04-11,2024-04-11 12:25:00+00:00,2024-04-11T12:34:00.000000,long,Normal,1.0721,1.0713,1.0745,1.0745,8.0,0.1,8.04,win,24.13,828.6,1,divergence|quarters|magnets,False
2024-04-11,2024-04-11 12:50:00+00:00,2024-04-11T14:07:00.000000,long,Normal,1.07417,1.07278,1.07834,1.07278,13.9,0.06,8.29,loss,-8.29,820.32,2,divergence|quarters,False
2024-04-12,2024-04-12 12:05:00+00:00,2024-04-12T12:29:00.000000,long,Knockout,1.06549,1.0647,1.06786,1.0647,7.9,0.1,8.2,loss,-8.2,812.12,1,quarters|magnets,False
2024-04-15,2024-04-15 13:52:00+00:00,2024-04-15T13:54:00.000000,long,Normal,1.06399,1.06357,1.06525,1.06357,4.2,0.19,8.12,loss,-8.12,803.99,1,divergence|magnets,False
2024-04-16,2024-04-16 12:22:00+00:00,2024-04-16T12:32:00.000000,short,Knockout,1.06407,1.06452,1.06272,1.06452,4.5,0.18,8.04,loss,-8.04,795.95,1,divergence|quarters|magnets,True
2024-04-17,2024-04-17 12:49:00+00:00,2024-04-17T13:12:00.000000,short,Knockout,1.0636,1.06412,1.06204,1.06412,5.2,0.15,7.96,loss,-7.96,787.99,1,divergence|quarters,False
2024-04-18,2024-04-18 13:20:00+00:00,2024-04-18T13:36:00.000000,long,Normal,1.06624,1.0655,1.06846,1.0655,7.4,0.11,7.88,loss,-7.88,780.11,1,divergence|quarters|magnets,True
2024-04-19,2024-04-19 13:39:00+00:00,2024-04-19T14:30:00.000000,short,Knockout,1.06698,1.06775,1.06467,1.06775,7.7,0.1,7.8,loss,-7.8,772.31,1,quarters|magnets,False
2024-04-22,2024-04-22 12:11:00+00:00,2024-04-22T13:23:00.000000,long,Knockout,1.06336,1.06288,1.0648,1.06288,4.8,0.16,7.72,loss,-7.72,764.59,1,divergence|quarters|magnets,True
2024-04-23,2024-04-23 12:30:00+00:00,2024-04-23T13:45:00.000000,short,Normal,1.06727,1.06789,1.06541,1.06789,6.2,0.12,7.65,loss,-7.65,756.94,1,divergence|magnets,False
2024-04-24,2024-04-24 12:54:00+00:00,,long,Knockout,1.06878,1.06759,1.07235,1.06759,11.9,0.06,7.57,loss,-7.57,749.37,1,divergence|quarters,False
2024-04-25,2024-04-25 12:42:00+00:00,2024-04-25T12:46:00.000000,long,Normal,1.06977,1.06885,1.07253,1.06885,9.2,0.08,7.49,loss,-7.49,741.88,1,divergence|magnets,False
2024-04-26,2024-04-26 12:14:00+00:00,2024-04-26T12:30:00.000000,long,Normal,1.07172,1.07105,1.07373,1.07373,6.7,0.11,7.42,win,22.26,764.14,1,divergence|quarters|magnets,True
2024-04-26,2024-04-26 13:26:00+00:00,2024-04-26T13:29:00.000000,long,Normal,1.07148,1.07097,1.07301,1.07097,5.1,0.15,7.64,loss,-7.64,756.5,2,divergence|quarters|magnets,False
2024-04-29,2024-04-29 13:44:00+00:00,2024-04-29T15:02:00.000000,long,Knockout,1.06947,1.06882,1.07142,1.07142,6.5,0.12,7.56,win,22.69,779.19,1,divergence|quarters|magnets,True
2024-04-29,2024-04-29 13:47:00+00:00,2024-04-29T15:03:00.000000,long,Knockout,1.0695,1.06882,1.07154,1.07154,6.8,0.11,7.79,win,23.38,802.57,2,divergence|quarters|magnets,False
2024-04-30,2024-04-30 13:25:00+00:00,2024-04-30T14:50:00.000000,long,Normal,1.07043,1.06978,1.07238,1.06978,6.5,0.12,8.03,loss,-8.03,794.54,1,divergence|magnets,False
2024-05-01,2024-05-01 12:29:00+00:00,2024-05-01T12:32:00.000000,short,Normal,1.06759,1.06819,1.06579,1.06819,6.0,0.13,7.95,loss,-7.95,786.6,1,divergence|quarters|magnets,False
2024-05-02,2024-05-02 12:14:00+00:00,2024-05-02T12:31:00.000000,long,Normal,1.07004,1.06938,1.07202,1.06938,6.6,0.12,7.87,loss,-7.87,778.73,1,quarters|magnets,False
2024-05-03,2024-05-03 14:56:00+00:00,2024-05-03T15:18:00.000000,short,Knockout,1.07671,1.07722,1.07518,1.07722,5.1,0.15,7.79,loss,-7.79,770.94,1,divergence|quarters|magnets,False
2024-05-06,2024-05-06 12:52:00+00:00,2024-05-06T16:18:00.000000,short,Knockout,1.07877,1.07927,1.07727,1.07727,5.0,0.15,7.71,win,23.13,794.07,1,divergence|quarters|magnets,True
2024-05-07,2024-05-07 13:12:00+00:00,2024-05-07T13:32:00.000000,short,Normal,1.07757,1.0782,1.07568,1.0782,6.3,0.13,7.94,loss,-7.94,786.13,1,divergence|quarters|magnets,True
2024-05-09,2024-05-09 13:57:00+00:00,2024-05-09T14:03:00.000000,short,Normal,1.07649,1.07695,1.07511,1.07695,4.6,0.17,7.86,loss,-7.86,778.27,1,divergence|magnets,False
2024-05-10,2024-05-10 12:54:00+00:00,2024-05-10T14:28:00.000000,long,Normal,1.07711,1.07642,1.07918,1.07642,6.9,0.11,7.78,loss,-7.78,770.49,1,divergence|quarters|magnets,True
2024-05-13,2024-05-13 14:36:00+00:00,,short,Knockout,1.08016,1.08073,1.07845,1.08073,5.7,0.14,7.7,loss,-7.7,762.78,1,quarters|magnets,False
2024-05-14,2024-05-14 12:50:00+00:00,2024-05-14T13:07:00.000000,short,Normal,1.08031,1.08108,1.078,1.08108,7.7,0.1,7.63,loss,-7.63,755.15,1,divergence|magnets,False
2024-05-15,2024-05-15 12:13:00+00:00,2024-05-15T12:30:00.000000,short,Knockout,1.08313,1.08378,1.08118,1.08378,6.5,0.12,7.55,loss,-7.55,747.6,1,divergence|quarters|magnets,True
2024-05-16,2024-05-16 12:33:00+00:00,2024-05-16T12:39:00.000000,long,Knockout,1.08678,1.08612,1.08876,1.08612,6.6,0.11,7.48,loss,-7.48,740.13,1,divergence|quarters,False
2024-05-17,2024-05-17 14:20:00+00:00,2024-05-17T14:31:00.000000,short,Normal,1.08597,1.08646,1.0845,1.08646,4.9,0.15,7.4,loss,-7.4,732.72,1,divergence|magnets,False
2024-05-20,2024-05-20 12:04:00+00:00,2024-05-20T12:12:00.000000,long,Knockout,1.08625,1.08578,1.08766,1.08578,4.7,0.16,7.33,loss,-7.33,725.4,1,divergence|quarters|magnets,True
2024-05-21,2024-05-21 13:56:00+00:00,2024-05-21T14:01:00.000000,long,Normal,1.08519,1.08465,1.08681,1.08465,5.4,0.13,7.25,loss,-7.25,718.14,1,divergence|quarters|magnets,True
2024-05-22,2024-05-22 12:00:00+00:00,2024-05-22T18:22:00.000000,long,Knockout,1.08295,1.08199,1.08583,1.08199,9.6,0.07,7.18,loss,-7.18,710.96,1,divergence|quarters|magnets,True
2024-05-23,2024-05-23 13:15:00+00:00,2024-05-23T13:45:00.000000,short,Normal,1.08563,1.08622,1.08386,1.08386,5.9,0.12,7.11,win,21.33,732.29,1,divergence|quarters|magnets,True
2024-05-23,2024-05-23 13:18:00+00:00,2024-05-23T13:45:00.000000,short,Normal,1.08593,1.08622,1.08506,1.08506,2.9,0.25,7.32,win,21.97,754.26,2,divergence|quarters|magnets,False
2024-05-23,2024-05-23 13:19:00+00:00,2024-05-23T13:45:00.000000,short,Normal,1.08579,1.08622,1.0845,1.0845,4.3,0.18,7.54,win,22.63,776.89,3,divergence|quarters|magnets,True
2024-05-24,2024-05-24 12:52:00+00:00,2024-05-24T15:31:00.000000,short,Knockout,1.08499,1.08557,1.08325,1.08557,5.8,0.13,7.77,loss,-7.77,769.12,1,divergence|quarters|magnets,True
2024-05-28,2024-05-28 13:31:00+00:00,2024-05-28T13:37:00.000000,long,Normal,1.08764,1.08711,1.08923,1.08711,5.3,0.15,7.69,loss,-7.69,761.43,1,divergence|magnets,False
2024-05-29,2024-05-29 12:12:00+00:00,2024-05-29T13:04:00.000000,short,Normal,1.08557,1.08605,1.08413,1.08413,4.8,0.16,7.61,win,22.84,784.27,1,divergence|magnets,False
2024-05-29,2024-05-29 12:13:00+00:00,2024-05-29T13:07:00.000000,short,Normal,1.08551,1.08605,1.08389,1.08389,5.4,0.15,7.84,win,23.53,807.8,2,divergence|magnets,False
2024-05-30,2024-05-30 12:59:00+00:00,2024-05-30T14:06:00.000000,short,Knockout,1.08289,1.08347,1.08115,1.08347,5.8,0.14,8.08,loss,-8.08,799.72,1,divergence|quarters|magnets,False
2024-05-31,2024-05-31 13:00:00+00:00,2024-05-31T14:40:00.000000,short,Knockout,1.08781,1.08842,1.08598,1.08598,6.1,0.13,8.0,win,23.99,823.71,1,quarters|magnets,False
2024-05-31,2024-05-31 13:02:00+00:00,2024-05-31T14:44:00.000000,short,Knockout,1.08769,1.08842,1.0855,1.0855,7.3,0.11,8.24,win,24.71,848.42,2,quarters|magnets,False
2024-06-05,2024-06-05 13:05:00+00:00,2024-06-05T13:31:00.000000,short,Normal,1.08827,1.08885,1.08653,1.08885,5.8,0.15,8.48,loss,-8.48,839.94,1,divergence|magnets,False
2024-06-06,2024-06-06 12:03:00+00:00,2024-06-06T12:24:00.000000,long,Normal,1.08674,1.08599,1.08899,1.08899,7.5,0.11,8.4,win,25.2,865.14,1,divergence|quarters,False
2024-06-07,2024-06-07 14:18:00+00:00,2024-06-07T14:58:00.000000,long,Normal,1.08199,1.08108,1.08472,1.08108,9.1,0.1,8.65,loss,-8.65,856.49,1,divergence|magnets,False
2024-06-10,2024-06-10 13:04:00+00:00,2024-06-10T13:31:00.000000,long,Knockout,1.07459,1.07379,1.07699,1.07379,8.0,0.11,8.56,loss,-8.56,847.92,1,divergence|quarters,False
2024-06-11,2024-06-11 12:27:00+00:00,2024-06-11T13:20:00.000000,long,Knockout,1.07292,1.07222,1.07502,1.07222,7.0,0.12,8.48,loss,-8.48,839.44,1,divergence|quarters|magnets,True
2024-06-12,2024-06-12 12:07:00+00:00,2024-06-12T12:30:00.000000,short,Knockout,1.07642,1.07688,1.07504,1.07688,4.6,0.18,8.39,loss,-8.39,831.05,1,divergence|quarters|magnets,False
2024-06-13,2024-06-13 12:06:00+00:00,2024-06-13T12:30:00.000000,long,Knockout,1.07842,1.07786,1.0801,1.0801,5.6,0.15,8.31,win,24.93,855.98,1,divergence|quarters|magnets,True
2024-06-13,2024-06-13 12:08:00+00:00,2024-06-13T12:30:00.000000,long,Knockout,1.07845,1.07786,1.08022,1.08022,5.9,0.15,8.56,win,25.68,881.66,2,divergence|quarters|magnets,False
2024-06-13,2024-06-13 14:16:00+00:00,2024-06-13T14:25:00.000000,long,Knockout,1.07856,1.07794,1.08042,1.07794,6.2,0.14,8.82,loss,-8.82,872.84,3,divergence|quarters|magnets,True
2024-06-14,2024-06-14 13:40:00+00:00,,long,Knockout,1.06789,1.06667,1.07155,1.06667,12.2,0.07,8.73,loss,-8.73,864.11,1,quarters|magnets,False
2024-06-18,2024-06-18 14:33:00+00:00,,short,Normal,1.07555,1.07635,1.07315,1.07635,8.0,0.11,8.64,loss,-8.64,855.47,1,divergence|magnets,False
2024-06-20,2024-06-20 12:49:00+00:00,2024-06-20T15:12:00.000000,long,Knockout,1.07221,1.07155,1.07419,1.07155,6.6,0.13,8.55,loss,-8.55,846.92,1,divergence|magnets,False
2024-06-25,2024-06-25 13:36:00+00:00,2024-06-25T14:02:00.000000,long,Knockout,1.07061,1.0699,1.07274,1.0699,7.1,0.12,8.47,loss,-8.47,838.45,1,divergence|quarters|magnets,True
2024-06-26,2024-06-26 12:43:00+00:00,2024-06-26T12:50:00.000000,long,Knockout,1.06834,1.06781,1.06993,1.06781,5.3,0.16,8.38,loss,-8.38,830.06,1,divergence|quarters,False
2024-06-27,2024-06-27 14:43:00+00:00,,short,Knockout,1.07138,1.07194,1.0697,1.07194,5.6,0.15,8.3,loss,-8.3,821.76,1,quarters|magnets,False
2024-06-28,2024-06-28 12:15:00+00:00,2024-06-28T12:30:00.000000,short,Knockout,1.07023,1.07076,1.06864,1.07076,5.3,0.16,8.22,loss,-8.22,813.55,1,divergence|quarters|magnets,False
2024-07-01,2024-07-01 12:32:00+00:00,2024-07-01T13:19:00.000000,long,Normal,1.07429,1.07385,1.07561,1.07561,4.4,0.18,8.14,win,24.41,837.95,1,quarters|magnets,False
2024-07-01,2024-07-01 13:59:00+00:00,2024-07-01T14:00:00.000000,long,Normal,1.07547,1.07497,1.07697,1.07697,5.0,0.17,8.38,win,25.14,863.09,2,divergence|quarters,False
2024-07-03,2024-07-03 12:31:00+00:00,2024-07-03T12:35:00.000000,short,Knockout,1.07657,1.07707,1.07507,1.07707,5.0,0.17,8.63,loss,-8.63,854.46,1,divergence|quarters|magnets,True
2024-07-09,2024-07-09 14:58:00+00:00,2024-07-09T15:12:00.000000,long,Knockout,1.08159,1.08103,1.08327,1.08103,5.6,0.15,8.54,loss,-8.54,845.91,1,quarters|magnets,False
2024-07-10,2024-07-10 13:05:00+00:00,2024-07-10T22:00:00.000000,short,Knockout,1.08258,1.08308,1.08108,1.08308,5.0,0.17,8.46,loss,-8.46,837.46,1,quarters|magnets,False
2024-07-11,2024-07-11 12:54:00+00:00,2024-07-11T17:02:00.000000,short,Knockout,1.08921,1.09019,1.08627,1.08627,9.8,0.09,8.37,win,25.12,862.58,1,quarters|magnets,False
2024-07-11,2024-07-11 13:13:00+00:00,2024-07-11T15:34:00.000000,short,Knockout,1.08929,1.09011,1.08683,1.08683,8.2,0.11,8.63,win,25.88,888.46,2,quarters|magnets,False
2024-07-11,2024-07-11 14:08:00+00:00,2024-07-11T15:30:00.000000,short,Knockout,1.08861,1.08919,1.08687,1.08687,5.8,0.15,8.88,win,26.65,915.11,3,divergence|quarters|magnets,True
2024-07-12,2024-07-12 13:22:00+00:00,2024-07-12T14:11:00.000000,short,Normal,1.08931,1.08998,1.0873,1.08998,6.7,0.14,9.15,loss,-9.15,905.96,1,divergence|quarters|magnets,False
2024-07-18,2024-07-18 12:59:00+00:00,2024-07-18T13:07:00.000000,long,Knockout,1.09284,1.09217,1.09485,1.09217,6.7,0.14,9.06,loss,-9.06,896.9,1,divergence|quarters|magnets,True
2024-07-19,2024-07-19 12:02:00+00:00,,short,Knockout,1.08899,1.08961,1.08713,1.08961,6.2,0.14,8.97,loss,-8.97,887.93,1,divergence|quarters|magnets,True
2024-07-22,2024-07-22 14:23:00+00:00,,long,Knockout,1.08769,1.0871,1.08946,1.0871,5.9,0.15,8.88,loss,-8.88,879.05,1,quarters|magnets,False
2024-07-23,2024-07-23 14:27:00+00:00,2024-07-23T14:36:00.000000,long,Knockout,1.08526,1.08476,1.08676,1.08476,5.0,0.18,8.79,loss,-8.79,870.26,1,divergence|quarters|magnets,True
2024-07-24,2024-07-24 13:11:00+00:00,2024-07-24T14:10:00.000000,short,Normal,1.08561,1.08634,1.08342,1.08634,7.3,0.12,8.7,loss,-8.7,861.56,1,divergence|quarters|magnets,True
2024-07-25,2024-07-25 12:22:00+00:00,2024-07-25T13:36:00.000000,short,Normal,1.08514,1.08569,1.08349,1.08349,5.5,0.16,8.62,win,25.85,887.4,1,divergence|quarters|magnets,True
2024-07-25,2024-07-25 14:06:00+00:00,2024-07-25T15:13:00.000000,long,Normal,1.08412,1.08341,1.08625,1.08625,7.1,0.12,8.87,win,26.62,914.03,2,divergence|magnets,False
2024-07-26,2024-07-26 12:38:00+00:00,2024-07-26T12:41:00.000000,short,Normal,1.08598,1.08649,1.08445,1.08649,5.1,0.18,9.14,loss,-9.14,904.89,1,quarters|magnets,False
2024-07-30,2024-07-30 12:44:00+00:00,2024-07-30T12:58:00.000000,long,Normal,1.08122,1.08035,1.08383,1.08035,8.7,0.1,9.05,loss,-9.05,895.84,1,divergence|magnets,False
2024-07-31,2024-07-31 12:38:00+00:00,2024-07-31T16:26:00.000000,short,Normal,1.08393,1.08499,1.08075,1.08075,10.6,0.08,8.96,win,26.88,922.71,1,divergence|quarters|magnets,False
2024-07-31,2024-07-31 13:39:00+00:00,2024-07-31T14:43:00.000000,short,Normal,1.08461,1.08513,1.08305,1.08305,5.2,0.18,9.23,win,27.68,950.39,2,divergence|quarters|magnets,False
2024-07-31,2024-07-31 14:06:00+00:00,2024-07-31T14:44:00.000000,short,Normal,1.0844,1.08487,1.08299,1.08299,4.7,0.2,9.5,win,28.51,978.91,3,divergence|quarters|magnets,True
2024-08-01,2024-08-01 12:04:00+00:00,2024-08-01T12:34:00.000000,long,Knockout,1.07906,1.07849,1.08077,1.08077,5.7,0.17,9.79,win,29.37,1008.27,1,divergence|magnets,False
2024-08-01,2024-08-01 12:08:00+00:00,2024-08-01T12:31:00.000000,long,Knockout,1.07895,1.07849,1.08033,1.08033,4.6,0.22,10.08,win,30.25,1038.52,2,divergence|magnets,False
2024-08-05,2024-08-05 13:38:00+00:00,2024-08-05T16:00:00.000000,short,Normal,1.09928,1.10052,1.09556,1.09556,12.4,0.08,10.39,win,31.16,1069.68,1,quarters|magnets,False
2024-08-05,2024-08-05 13:40:00+00:00,2024-08-05T16:07:00.000000,short,Normal,1.09921,1.10052,1.09528,1.09528,13.1,0.08,10.7,win,32.09,1101.77,2,quarters|magnets,False
2024-08-06,2024-08-06 13:02:00+00:00,,long,Knockout,1.09108,1.09026,1.09354,1.09026,8.2,0.13,11.02,loss,-11.02,1090.75,1,divergence|quarters,False
2024-08-07,2024-08-07 13:37:00+00:00,2024-08-07T14:40:00.000000,short,Normal,1.09228,1.09284,1.0906,1.09284,5.6,0.19,10.91,loss,-10.91,1079.84,1,divergence|magnets,False
2024-08-08,2024-08-08 13:01:00+00:00,2024-08-08T13:40:00.000000,long,Normal,1.09009,1.08895,1.09351,1.08895,11.4,0.09,10.8,loss,-10.8,1069.04,1,divergence|quarters|magnets,False
2024-08-09,2024-08-09 12:37:00+00:00,2024-08-09T14:23:00.000000,long,Normal,1.09129,1.09076,1.09288,1.09288,5.3,0.2,10.69,win,32.07,1101.12,1,divergence|quarters|magnets,True
2024-08-09,2024-08-09 12:40:00+00:00,2024-08-09T14:19:00.000000,long,Normal,1.09125,1.09076,1.09272,1.09272,4.9,0.22,11.01,win,33.03,1134.15,2,divergence|quarters|magnets,False
2024-08-12,2024-08-12 12:08:00+00:00,2024-08-12T13:41:00.000000,short,Knockout,1.0926,1.09308,1.09116,1.09308,4.8,0.24,11.34,loss,-11.34,1122.81,1,quarters|magnets,False
2024-08-13,2024-08-13 12:43:00+00:00,2024-08-13T13:22:00.000000,short,Normal,1.09417,1.09485,1.09213,1.09485,6.8,0.17,11.23,loss,-11.23,1111.58,1,quarters|magnets,False
2024-08-14,2024-08-14 13:19:00+00:00,2024-08-14T14:30:00.000000,short,Knockout,1.10265,1.1044,1.0974,1.1044,17.5,0.06,11.12,loss,-11.12,1100.46,1,divergence|quarters|magnets,False
2024-08-15,2024-08-15 12:57:00+00:00,2024-08-15T13:12:00.000000,long,Normal,1.09565,1.09498,1.09766,1.09498,6.7,0.16,11.0,loss,-11.0,1089.46,1,divergence|quarters|magnets,True
2024-08-16,2024-08-16 13:44:00+00:00,2024-08-16T14:47:00.000000,short,Knockout,1.09996,1.10051,1.09831,1.09831,5.5,0.2,10.89,win,32.68,1122.14,1,divergence|quarters|magnets,True
2024-08-20,2024-08-20 13:52:00+00:00,2024-08-20T14:34:00.000000,short,Normal,1.10996,1.11071,1.10771,1.11071,7.5,0.15,11.22,loss,-11.22,1110.92,1,divergence|quarters|magnets,True
2024-08-21,2024-08-21 13:41:00+00:00,2024-08-21T13:51:00.000000,long,Sierra,1.11155,1.11135,1.11325,1.11135,2.0,0.56,11.11,loss,-11.11,1099.81,1,sierra_sweep,False
2024-08-22,2024-08-22 12:35:00+00:00,2024-08-22T13:45:00.000000,long,Normal,1.11299,1.11233,1.11497,1.11233,6.6,0.17,11.0,loss,-11.0,1088.81,1,divergence|quarters|magnets,False
2024-08-23,2024-08-23 13:14:00+00:00,2024-08-23T13:18:00.000000,long,Normal,1.11098,1.11069,1.11185,1.11069,2.9,0.38,10.89,loss,-10.89,1077.93,1,quarters|magnets,False
2024-08-26,2024-08-26 13:14:00+00:00,,long,Knockout,1.11579,1.1148,1.11876,1.1148,9.9,0.11,10.78,loss,-10.78,1067.15,1,divergence|quarters|magnets,False
2024-08-27,2024-08-27 12:05:00+00:00,2024-08-27T12:16:00.000000,long,Normal,1.11638,1.11574,1.1183,1.11574,6.4,0.17,10.67,loss,-10.67,1056.47,1,divergence|quarters|magnets,False
2024-08-28,2024-08-28 14:00:00+00:00,2024-08-28T14:47:00.000000,long,Knockout,1.11142,1.11085,1.11313,1.11313,5.7,0.19,10.56,win,31.69,1088.17,1,quarters|magnets,False
2024-08-29,2024-08-29 12:51:00+00:00,2024-08-29T14:15:00.000000,long,Knockout,1.10782,1.10707,1.11007,1.10707,7.5,0.15,10.88,loss,-10.88,1077.29,1,divergence|magnets,False
2024-08-30,2024-08-30 13:15:00+00:00,2024-08-30T16:18:00.000000,long,Normal,1.10621,1.10518,1.1093,1.10518,10.3,0.1,10.77,loss,-10.77,1066.51,1,quarters|magnets,False
2024-09-03,2024-09-03 12:11:00+00:00,2024-09-03T13:03:00.000000,long,Knockout,1.10371,1.10315,1.10539,1.10539,5.6,0.19,10.67,win,32.0,1098.51,1,divergence|quarters|magnets,True
2024-09-03,2024-09-03 12:13:00+00:00,2024-09-03T13:24:00.000000,long,Knockout,1.1039,1.10315,1.10615,1.10615,7.5,0.15,10.99,win,32.96,1131.47,2,divergence|quarters|magnets,True
2024-09-04,2024-09-04 12:02:00+00:00,2024-09-04T12:25:00.000000,long,Normal,1.10496,1.10407,1.10763,1.10407,8.9,0.13,11.31,loss,-11.31,1120.15,1,divergence|quarters,False
2024-09-05,2024-09-05 12:03:00+00:00,2024-09-05T12:04:00.000000,short,Sierra,1.10961,1.10884,1.10746,1.10884,7.7,0.15,11.2,loss,-11.2,1108.95,1,sierra_sweep,False
2024-09-10,2024-09-10 12:36:00+00:00,2024-09-10T13:49:00.000000,long,Normal,1.10331,1.10253,1.10565,1.10253,7.8,0.14,11.09,loss,-11.09,1097.86,1,quarters|magnets,False
2024-09-11,2024-09-11 12:53:00+00:00,,long,Normal,1.10085,1.10013,1.10301,1.10013,7.2,0.15,10.98,loss,-10.98,1086.88,1,divergence|magnets,False
2024-09-12,2024-09-12 12:54:00+00:00,2024-09-12T13:07:00.000000,short,Knockout,1.10233,1.10344,1.099,1.10344,11.1,0.1,10.87,loss,-10.87,1076.01,1,quarters|magnets,False
2024-09-13,2024-09-13 12:08:00+00:00,2024-09-13T13:08:00.000000,long,Normal,1.10825,1.10771,1.10987,1.10987,5.4,0.2,10.76,win,32.28,1108.29,1,divergence|magnets,False
2024-09-13,2024-09-13 12:10:00+00:00,2024-09-13T13:10:00.000000,long,Normal,1.10828,1.10771,1.10999,1.10999,5.7,0.19,11.08,win,33.25,1141.54,2,divergence|magnets,False
2024-09-16,2024-09-16 12:05:00+00:00,2024-09-16T12:29:00.000000,short,Knockout,1.11237,1.113,1.11048,1.113,6.3,0.18,11.42,loss,-11.42,1130.13,1,divergence|magnets,False
2024-09-17,2024-09-17 12:52:00+00:00,2024-09-17T13:05:00.000000,long,Normal,1.11229,1.11157,1.11445,1.11157,7.2,0.16,11.3,loss,-11.3,1118.82,1,divergence|magnets,False
2024-09-18,2024-09-18 13:36:00+00:00,2024-09-18T14:20:00.000000,short,Normal,1.11368,1.11418,1.11218,1.11218,5.0,0.22,11.19,win,33.56,1152.39,1,divergence|magnets,False
2024-09-18,2024-09-18 14:41:00+00:00,2024-09-18T18:00:00.000000,long,Normal,1.11142,1.11062,1.11382,1.11382,8.0,0.14,11.52,win,34.57,1186.96,2,divergence|quarters|magnets,False
2024-09-20,2024-09-20 12:32:00+00:00,2024-09-20T12:55:00.000000,short,Normal,1.11679,1.11743,1.11487,1.11743,6.4,0.19,11.87,loss,-11.87,1175.09,1,divergence|magnets,False
2024-09-24,2024-09-24 12:50:00+00:00,2024-09-24T14:07:00.000000,short,Knockout,1.11426,1.11497,1.11213,1.11497,7.1,0.17,11.75,loss,-11.75,1163.34,1,divergence|quarters|magnets,False
2024-09-26,2024-09-26 12:28:00+00:00,2024-09-26T12:30:00.000000,short,Normal,1.11624,1.11674,1.11474,1.11474,5.0,0.23,11.63,win,34.9,1198.24,1,divergence|quarters|magnets,False
2024-09-26,2024-09-26 12:29:00+00:00,2024-09-26T12:39:00.000000,short,Normal,1.11604,1.11674,1.11394,1.11394,7.0,0.17,11.98,win,35.95,1234.19,2,divergence|quarters|magnets,True
2024-09-27,2024-09-27 12:19:00+00:00,2024-09-27T12:42:00.000000,long,Normal,1.11584,1.11527,1.11755,1.11755,5.7,0.22,12.34,win,37.03,1271.21,1,divergence|magnets,False
2024-09-27,2024-09-27 13:19:00+00:00,2024-09-27T15:39:00.000000,short,Normal,1.11944,1.1205,1.11626,1.11626,10.6,0.12,12.71,win,38.14,1309.35,2,divergence|quarters|magnets,False
2024-10-01,2024-10-01 12:00:00+00:00,2024-10-01T12:18:00.000000,long,Knockout,1.10856,1.10765,1.11129,1.10765,9.1,0.14,13.09,loss,-13.09,1296.26,1,divergence|quarters,False
2024-10-02,2024-10-02 12:25:00+00:00,2024-10-02T12:29:00.000000,long,Normal,1.10662,1.10605,1.10833,1.10605,5.7,0.23,12.96,loss,-12.96,1283.29,1,divergence|magnets,False
2024-10-03,2024-10-03 12:49:00+00:00,2024-10-03T14:00:00.000000,long,Knockout,1.10323,1.10261,1.10509,1.10261,6.2,0.21,12.83,loss,-12.83,1270.46,1,divergence|magnets,False
2024-10-07,2024-10-07 12:14:00+00:00,2024-10-07T17:36:00.000000,short,Normal,1.09803,1.09856,1.09644,1.09856,5.3,0.24,12.7,loss,-12.7,1257.76,1,divergence|quarters|magnets,False
2024-10-08,2024-10-08 12:59:00+00:00,2024-10-08T14:33:00.000000,long,Normal,1.09759,1.09694,1.09954,1.09694,6.5,0.19,12.58,loss,-12.58,1245.18,1,divergence|quarters|magnets,True
2024-10-09,2024-10-09 12:02:00+00:00,2024-10-09T13:16:00.000000,long,Knockout,1.09588,1.09519,1.09795,1.09519,6.9,0.18,12.45,loss,-12.45,1232.73,1,divergence|magnets,False
2024-10-11,2024-10-11 14:43:00+00:00,2024-10-11T15:23:00.000000,short,Normal,1.09457,1.09511,1.09295,1.09511,5.4,0.23,12.33,loss,-12.33,1220.4,1,divergence|magnets,False
2024-10-14,2024-10-14 14:21:00+00:00,2024-10-14T14:37:00.000000,long,Normal,1.09107,1.0906,1.09248,1.0906,4.7,0.26,12.2,loss,-12.2,1208.2,1,divergence|quarters|magnets,False
2024-10-15,2024-10-15 12:43:00+00:00,2024-10-15T13:14:00.000000,short,Normal,1.09076,1.09145,1.08869,1.09145,6.9,0.18,12.08,loss,-12.08,1196.11,1,divergence|magnets,False
2024-10-16,2024-10-16 12:29:00+00:00,2024-10-16T14:08:00.000000,short,Normal,1.0898,1.09034,1.08818,1.08818,5.4,0.22,11.96,win,35.88,1232.0,1,quarters|magnets,False
2024-10-16,2024-10-16 12:32:00+00:00,2024-10-16T14:22:00.000000,short,Normal,1.08974,1.09034,1.08794,1.08794,6.0,0.21,12.32,win,36.96,1268.96,2,quarters|magnets,False
2024-10-16,2024-10-16 13:27:00+00:00,2024-10-16T14:25:00.000000,short,Normal,1.08937,1.08994,1.08766,1.08766,5.7,0.22,12.69,win,38.07,1307.03,3,divergence|quarters|magnets,True
2024-10-17,2024-10-17 12:41:00+00:00,2024-10-17T13:08:00.000000,long,Normal,1.0842,1.08314,1.08738,1.08314,10.6,0.12,13.07,loss,-13.07,1293.96,1,divergence|magnets,False
2024-10-21,2024-10-21 14:04:00+00:00,2024-10-21T14:22:00.000000,long,Knockout,1.08486,1.08418,1.0869,1.08418,6.8,0.19,12.94,loss,-12.94,1281.02,1,divergence|quarters|magnets,False
2024-10-22,2024-10-22 12:05:00+00:00,2024-10-22T12:47:00.000000,long,Normal,1.082,1.08129,1.08413,1.08129,7.1,0.18,12.81,loss,-12.81,1268.21,1,divergence|quarters,False
2024-10-23,2024-10-23 12:05:00+00:00,2024-10-23T15:10:00.000000,long,Knockout,1.07671,1.0761,1.07854,1.07854,6.1,0.21,12.68,win,38.05,1306.25,1,quarters|magnets,False
2024-10-23,2024-10-23 12:30:00+00:00,,long,Knockout,1.07668,1.07592,1.07896,1.07592,7.6,0.17,13.06,loss,-13.06,1293.19,2,quarters|magnets,False
2024-10-24,2024-10-24 13:03:00+00:00,2024-10-24T13:15:00.000000,short,Normal,1.07978,1.08024,1.0784,1.08024,4.6,0.28,12.93,loss,-12.93,1280.26,1,divergence|magnets,False
2024-10-28,2024-10-28 12:56:00+00:00,2024-10-28T13:28:00.000000,short,Knockout,1.08197,1.08244,1.08056,1.08244,4.7,0.27,12.8,loss,-12.8,1267.46,1,divergence|quarters,False
2024-10-29,2024-10-29 12:07:00+00:00,2024-10-29T13:00:00.000000,long,Normal,1.07732,1.07668,1.07924,1.07924,6.4,0.2,12.67,win,38.02,1305.48,1,divergence|quarters|magnets,True
2024-10-29,2024-10-29 12:11:00+00:00,2024-10-29T13:00:00.000000,long,Normal,1.07769,1.07668,1.08072,1.08072,10.1,0.13,13.05,win,39.16,1344.64,2,divergence|quarters|magnets,True
2024-10-30,2024-10-30 13:41:00+00:00,2024-10-30T13:47:00.000000,short,Normal,1.08486,1.08574,1.08222,1.08574,8.8,0.15,13.45,loss,-13.45,1331.2,1,divergence|magnets,False
2024-10-31,2024-10-31 12:41:00+00:00,2024-10-31T13:05:00.000000,short,Knockout,1.08812,1.08901,1.08545,1.08545,8.9,0.15,13.31,win,39.94,1371.13,1,divergence|quarters|magnets,True
2024-10-31,2024-10-31 13:59:00+00:00,2024-10-31T18:05:00.000000,short,Knockout,1.08655,1.08735,1.08415,1.08735,8.0,0.17,13.71,loss,-13.71,1357.42,2,divergence|quarters,False
2024-11-01,2024-11-01 12:18:00+00:00,2024-11-01T12:22:00.000000,long,Normal,1.08772,1.08712,1.08952,1.08712,6.0,0.23,13.57,loss,-13.57,1343.85,1,divergence|magnets,False
2024-11-04,2024-11-04 13:05:00+00:00,2024-11-04T16:08:00.000000,short,Knockout,1.09055,1.09098,1.08926,1.08926,4.3,0.31,13.44,win,40.32,1384.16,1,divergence|quarters,False
2024-11-06,2024-11-06 12:53:00+00:00,2024-11-06T13:16:00.000000,long,Knockout,1.06896,1.06819,1.07127,1.07127,7.7,0.18,13.84,win,41.52,1425.69,1,divergence|quarters|magnets,True
2024-11-06,2024-11-06 12:54:00+00:00,2024-11-06T16:02:00.000000,long,Knockout,1.06966,1.06819,1.07407,1.07407,14.7,0.1,14.26,win,42.77,1468.46,2,divergence|quarters,False
2024-11-06,2024-11-06 13:07:00+00:00,2024-11-06T13:16:00.000000,long,Knockout,1.06887,1.06804,1.07136,1.07136,8.3,0.18,14.68,win,44.05,1512.51,3,divergence|quarters|magnets,True
2024-11-08,2024-11-08 13:27:00+00:00,2024-11-08T13:31:00.000000,long,Knockout,1.07634,1.0759,1.07766,1.0759,4.4,0.34,15.13,loss,-15.13,1497.39,1,divergence|magnets,False
2024-11-11,2024-11-11 12:38:00+00:00,2024-11-11T13:01:00.000000,long,Knockout,1.0659,1.06516,1.06812,1.06516,7.4,0.2,14.97,loss,-14.97,1482.41,1,divergence|quarters,False
2024-11-12,2024-11-12 12:30:00+00:00,2024-11-12T15:45:00.000000,long,Knockout,1.06112,1.06048,1.06304,1.06048,6.4,0.23,14.82,loss,-14.82,1467.59,1,divergence|quarters,False
2024-11-13,2024-11-13 12:51:00+00:00,2024-11-13T13:30:00.000000,short,Normal,1.06319,1.06381,1.06133,1.06381,6.2,0.24,14.68,loss,-14.68,1452.91,1,quarters|magnets,False
2024-11-15,2024-11-15 12:08:00+00:00,2024-11-15T12:09:00.000000,short,Sierra,1.0575,1.05489,1.05236,1.05489,26.1,0.06,14.53,loss,-14.53,1438.38,1,sierra_sweep,False
2024-11-18,2024-11-18 13:05:00+00:00,2024-11-18T13:09:00.000000,short,Knockout,1.0547,1.05517,1.05329,1.05517,4.7,0.31,14.38,loss,-14.38,1424.0,1,divergence|magnets,False
2024-11-19,2024-11-19 13:49:00+00:00,2024-11-19T15:43:00.000000,short,Knockout,1.05799,1.05995,1.05211,1.05995,19.6,0.07,14.24,loss,-14.24,1409.76,1,divergence|quarters,False
2024-11-20,2024-11-20 13:28:00+00:00,2024-11-20T13:41:00.000000,long,Knockout,1.05587,1.05536,1.0574,1.05536,5.1,0.28,14.1,loss,-14.1,1395.66,1,quarters|magnets,False
2024-11-25,2024-11-25 12:10:00+00:00,2024-11-25T12:42:00.000000,short,Normal,1.04798,1.04859,1.04615,1.04859,6.1,0.23,13.96,loss,-13.96,1381.71,1,divergence|magnets,False
2024-11-26,2024-11-26 13:55:00+00:00,2024-11-26T16:11:00.000000,short,Knockout,1.05063,1.05178,1.04718,1.04718,11.5,0.12,13.82,win,41.45,1423.16,1,divergence|quarters,False
2024-11-26,2024-11-26 14:30:00+00:00,2024-11-26T15:00:00.000000,short,Knockout,1.04967,1.05079,1.04631,1.05079,11.2,0.13,14.23,loss,-14.23,1408.93,2,divergence|quarters,False
2024-11-29,2024-11-29 12:50:00+00:00,2024-11-29T14:18:00.000000,long,Normal,1.05516,1.0546,1.05684,1.0546,5.6,0.25,14.09,loss,-14.09,1394.84,1,quarters|magnets,False
2024-12-02,2024-12-02 12:08:00+00:00,2024-12-02T12:38:00.000000,long,Knockout,1.05217,1.05151,1.05415,1.05151,6.6,0.21,13.95,loss,-13.95,1380.89,1,divergence|magnets,False
2024-12-03,2024-12-03 12:05:00+00:00,2024-12-03T15:10:00.000000,short,Knockout,1.0523,1.05293,1.05041,1.05041,6.3,0.22,13.81,win,41.43,1422.31,1,divergence|magnets,False
2024-12-03,2024-12-03 12:54:00+00:00,2024-12-03T13:46:00.000000,short,Knockout,1.05145,1.0521,1.0495,1.0521,6.5,0.22,14.22,loss,-14.22,1408.09,2,divergence|magnets,False
2024-12-04,2024-12-04 13:06:00+00:00,2024-12-04T13:21:00.000000,long,Normal,1.04928,1.04852,1.05156,1.04852,7.6,0.19,14.08,loss,-14.08,1394.01,1,divergence|magnets,False
2024-12-05,2024-12-05 12:44:00+00:00,2024-12-05T13:03:00.000000,short,Knockout,1.0533,1.05406,1.05102,1.05406,7.6,0.18,13.94,loss,-13.94,1380.07,1,divergence|magnets,False
2024-12-06,2024-12-06 14:35:00+00:00,,short,Knockout,1.05786,1.05918,1.0539,1.05918,13.2,0.1,13.8,loss,-13.8,1366.27,1,divergence|quarters,False
2024-12-09,2024-12-09 14:33:00+00:00,2024-12-09T15:55:00.000000,short,Knockout,1.05735,1.05867,1.05339,1.05867,13.2,0.1,13.66,loss,-13.66,1352.61,1,divergence|magnets,False
2024-12-10,2024-12-10 12:31:00+00:00,2024-12-10T13:17:00.000000,long,Normal,1.05248,1.05183,1.05443,1.05183,6.5,0.21,13.53,loss,-13.53,1339.08,1,divergence|quarters,False
2024-12-11,2024-12-11 13:48:00+00:00,2024-12-11T14:39:00.000000,short,Knockout,1.05292,1.05393,1.04989,1.04989,10.1,0.13,13.39,win,40.17,1379.25,1,quarters|magnets,False
2024-12-11,2024-12-11 14:52:00+00:00,2024-12-11T15:02:00.000000,long,Knockout,1.05005,1.0492,1.0526,1.0492,8.5,0.16,13.79,loss,-13.79,1365.46,2,divergence|magnets,False
2024-12-12,2024-12-12 13:05:00+00:00,2024-12-12T13:14:00.000000,long,Normal,1.04903,1.04845,1.05077,1.04845,5.8,0.24,13.65,loss,-13.65,1351.81,1,divergence|quarters|magnets,False
2024-12-13,2024-12-13 13:20:00+00:00,2024-12-13T14:35:00.000000,short,Normal,1.05172,1.05261,1.04905,1.04905,8.9,0.15,13.52,win,40.55,1392.36,1,divergence|quarters|magnets,True
2024-12-13,2024-12-13 13:50:00+00:00,2024-12-13T14:34:00.000000,short,Normal,1.05163,1.05235,1.04947,1.04947,7.2,0.19,13.92,win,41.77,1434.13,2,divergence|quarters|magnets,True
2024-12-16,2024-12-16 13:07:00+00:00,2024-12-16T14:30:00.000000,long,Normal,1.04982,1.04884,1.05276,1.04884,9.8,0.15,14.34,loss,-14.34,1419.79,1,divergence|quarters,False
2024-12-17,2024-12-17 12:08:00+00:00,2024-12-17T14:00:00.000000,long,Knockout,1.04914,1.04862,1.0507,1.0507,5.2,0.27,14.2,win,42.59,1462.38,1,divergence|magnets,False
2024-12-17,2024-12-17 12:14:00+00:00,2024-12-17T14:01:00.000000,long,Knockout,1.04919,1.04862,1.0509,1.0509,5.7,0.26,14.62,win,43.87,1506.25,2,divergence|magnets,False
2024-12-18,2024-12-18 13:30:00+00:00,2024-12-18T15:49:00.000000,long,Normal,1.0488,1.04805,1.05105,1.04805,7.5,0.2,15.06,loss,-15.06,1491.19,1,divergence|quarters|magnets,False
2024-12-20,2024-12-20 13:41:00+00:00,2024-12-20T16:36:00.000000,short,Knockout,1.04054,1.0421,1.03586,1.0421,15.6,0.1,14.91,loss,-14.91,1476.28,1,quarters|magnets,False
2024-12-23,2024-12-23 13:23:00+00:00,2024-12-23T15:04:00.000000,long,Knockout,1.03939,1.03862,1.0417,1.03862,7.7,0.19,14.76,loss,-14.76,1461.52,1,divergence|quarters,False
2024-12-24,2024-12-24 13:49:00+00:00,2024-12-24T15:55:00.000000,long,Knockout,1.04023,1.03907,1.04371,1.03907,11.6,0.13,14.62,loss,-14.62,1446.9,1,divergence|quarters,False
2024-12-26,2024-12-26 13:20:00+00:00,2024-12-26T15:13:00.000000,short,Normal,1.03994,1.04077,1.03745,1.04077,8.3,0.17,14.47,loss,-14.47,1432.43,1,divergence|quarters|magnets,True
2024-12-27,2024-12-27 13:05:00+00:00,2024-12-27T17:22:00.000000,short,Normal,1.04336,1.044,1.04144,1.04144,6.4,0.22,14.32,win,42.97,1475.41,1,quarters|magnets,False
2024-12-27,2024-12-27 13:10:00+00:00,2024-12-27T15:16:00.000000,short,Normal,1.04342,1.044,1.04168,1.04168,5.8,0.25,14.75,win,44.26,1519.67,2,quarters|magnets,False
2024-12-27,2024-12-27 14:08:00+00:00,2024-12-27T15:11:00.000000,short,Normal,1.04361,1.04416,1.04196,1.04196,5.5,0.28,15.2,win,45.59,1565.26,3,divergence|quarters|magnets,True
2024-12-30,2024-12-30 12:01:00+00:00,2024-12-30T12:06:00.000000,short,Normal,1.04477,1.04541,1.04285,1.04541,6.4,0.24,15.65,loss,-15.65,1549.61,1,quarters|magnets,False
2024-12-31,2024-12-31 13:24:00+00:00,2024-12-31T14:10:00.000000,long,Normal,1.03883,1.03814,1.0409,1.03814,6.9,0.22,15.5,loss,-15.5,1534.11,1,divergence|quarters|magnets,True
